DISTRICT_NAME,TALUKA_NAME,Latitude,Longitude,RICE,WHEAT,KHARIP_JOWAR,RABBI_JOWAR,BAJRA,MAIZE,WARI,RAGI,RALA,SAWA,BHADALI,GRAM,TUR,MUNG,UDID,KULITH,MATH,BEANS,PEAS,SUGARCANE,CHILLI,GARLIC,MANGO,GRAPES,CITRUS,BANANA,POTATOS,ONIONS,BRINJALS,TOMATOSP,COTTON,GROUNDNUTS,SUNFLOWER,SAFFLOWER_AR_UNDR_CROP,SOYABEAN
 Ahmadnagar , Akola ,20.7002159,77.0081678,9777,1705,6,4,24740,23,1339,3516,0,367,0,639,79,0,203,1175,243,0,0,1973,13,4,37,0,0,4,280,537,49,845,634,1480,0,0,0
 Ahmadnagar , Sangamner ,20.7002159,74.2070191,461,9622,0,6856,61721,44860,0,0,0,0,0,3321,455,2715,140,1351,1145,0,0,10978,453,69,26,56,1152,28,53,1969,380,240,961,1641,94,34,0
 Ahmadnagar , Kopargaon ,20.7002159,74.4727826,21,6169,77,15474,21736,1203,0,0,0,0,0,3981,293,0,9,43,93,0,19,3509,88,58,37,254,0,40,1,3688,77,199,1024,278,172,55,0
 Ahmadnagar , Rahta ,20.7002159,74.4836669,0,14311,175,25561,2614,453,0,0,0,0,0,4200,210,0,1,87,85,0,4,3717,86,32,73,262,5,0,12,1786,111,183,213,100,65,15,0
 Ahmadnagar , Shrirampur ,19.6194767,74.6567407,74,8291,208,12468,9208,199,0,0,0,0,0,3431,328,0,1,59,46,0,32,3644,89,33,79,44,7,2,9,2467,118,62,886,320,1321,110,0
 Ahmadnagar , Nevasa ,19.5511772,74.9281063,0,34523,2102,35514,5930,1124,0,0,0,0,0,5480,3325,0,0,0,1015,120,1,32218,387,180,112,5,52,120,27,1921,422,60,0,1260,119,179,0
 Ahmadnagar , Shevgaon ,19.350367,75.219372,0,10265,21,26641,34723,518,0,0,38,0,8,1985,3479,0,258,580,1220,0,0,3667,205,38,47,1,53,52,0,398,125,38,590,311,356,1898,0
 Ahmadnagar , Pathardi ,19.1761399,75.1749671,0,6872,0,35849,48500,375,0,0,0,0,0,950,135,0,0,250,1190,0,0,760,30,50,0,0,3,0,0,765,35,0,650,366,2,9,0
 Ahmadnagar , Nagar ,19.2298,72.8516,351,9303,0,60563,43364,115,0,0,14,0,0,2566,292,0,9,23,23,0,0,311,30,51,33,5,12,0,32,560,14,48,0,172,166,567,0
 Ahmadnagar , Rahuri ,19.3950986,74.6520835,88,15644,2837,9814,20135,812,0,0,0,0,0,1182,1618,0,0,242,509,0,0,9799,107,20,138,101,16,13,11,1174,79,94,228,570,472,258,0
 Ahmadnagar , Parner ,19.0000612,74.4393729,15,9889,0,71423,51031,629,0,0,0,0,0,1354,2023,0,319,2378,3104,2,0,1596,269,129,236,10,38,80,222,4649,131,210,20,1635,101,5772,0
 Ahmadnagar , Shrigonda ,18.6175439,74.6981267,0,16145,0,75415,7390,462,0,0,0,0,0,1320,712,0,0,2025,280,4,21,3350,220,63,66,18,13,20,0,2838,38,5,7,1085,1135,510,0
 Ahmadnagar , Karjat ,18.9102069,73.3282612,0,12539,0,0,28365,0,0,0,0,0,0,1696,4986,2150,389,2478,786,0,0,5633,924,167,73,17,954,19,0,2944,120,47,398,6249,7019,892,0
 Ahmadnagar , Jamkhed ,18.7380109,75.312064,22,12567,231,58409,2830,0,0,0,0,0,0,0,0,0,0,0,0,0,0,0,0,0,0,0,0,0,0,345,210,60,250,170,170,0,0
 Akola , Telhara ,21.025427,76.8432663,0,2139,13402,39,374,0,0,0,0,0,0,2591,5704,8648,2584,0,1,2,0,142,85,8,215,11,1055,39,7,54,42,44,27010,212,395,75,4644
 Akola , Telhara ,21.025427,76.8432663,0,1775,8710,0,150,60,0,0,0,0,0,1470,2450,5090,4110,0,20,0,0,80,75,0,40,0,92,240,0,180,101,99,28475,180,415,15,850
 Akola , Akot ,21.0973361,77.053568,0,2554,15590,15,150,0,0,0,0,0,0,5236,9308,10229,1870,0,2,0,0,27,92,4,319,13,1466,44,18,231,201,133,41746,208,847,293,3095
 Akola , Akot ,21.0973361,77.053568,0,1080,11500,0,120,28,0,0,0,0,10,3480,3110,6120,1090,0,28,0,15,118,27,7,6,0,885,104,0,505,73,101,34245,275,1080,1530,1710
 Akola , Balapur ,20.6601,76.7706,0,1650,14733,2,244,0,0,0,0,0,0,5205,7271,7534,3316,0,6,4,7,240,212,12,469,5,1066,62,22,156,123,55,33516,76,621,95,2338
 Akola , Balapur ,20.6601,76.7706,0,540,14978,0,35,0,0,0,0,0,0,2415,3180,2645,591,0,0,0,0,9,25,0,0,0,216,9,0,170,15,0,31458,21,1174,250,524
 Akola , Akola ,20.7002159,77.0081678,0,750,10522,35,370,0,0,0,0,0,0,4184,7134,8157,736,0,63,1,0,25,240,35,374,4,544,42,5,141,105,41,43456,124,285,1045,5960
 Akola , Akola ,20.7002159,77.0081678,0,2722,18760,0,410,0,0,0,0,0,0,353,5700,12999,3347,0,61,0,0,26,0,0,0,0,0,0,0,43,0,15,41347,0,230,0,0
 Akola , Murtijapur ,20.7232674,77.369906,0,723,8744,12,638,0,0,0,0,0,0,2934,7051,13470,1482,0,4,1,0,32,64,1,232,9,632,17,4,37,46,39,30565,95,212,138,2751
 Akola , Murtijapur ,20.7232674,77.369906,0,7666,12029,0,14,10,0,0,0,0,0,9675,4600,9711,161,0,6,0,3,13,0,0,3,0,0,0,0,41,0,7,23891,92,243,0,0
 Akola , Patur ,20.4627965,76.938379,0,1015,10710,1,365,0,0,0,0,0,0,1860,5725,7075,2830,0,15,0,0,374,70,15,258,14,718,156,7,210,89,100,17011,128,260,60,4526
 Akola , Patur ,20.4627965,76.938379,0,3370,9491,0,471,10,0,0,0,0,0,2217,4499,4182,3030,0,0,0,0,59,4,0,0,0,600,88,0,933,126,10,12871,691,362,0,19545
 Akola , Barshitakli ,20.5776336,77.0650809,0,1486,9413,11,283,0,0,0,0,0,0,2255,4308,9187,2364,0,22,2,0,256,114,3,126,2,891,123,8,458,92,74,29608,72,500,464,3884
 Akola , Barshitakli ,20.5776336,77.0650809,0,1718,9454,0,0,0,0,0,0,0,0,477,2095,2587,1753,0,0,0,0,30,35,0,0,0,148,18,0,106,100,30,20707,73,46,90,17984
 Amravati , Dharni ,21.552665,76.892273,1500,85,0,0,15,0,0,0,0,0,0,1700,444,150,0,0,0,0,0,30,0,0,0,0,0,0,0,0,0,0,2345,150,0,0,0
 Amravati , Dharni ,21.552665,76.892273,436,605,4210,0,37,0,0,0,0,0,0,2950,3535,3386,489,1,0,34,0,194,125,0,59,0,2729,10,2,56,52,19,12849,162,65,93,0
 Amravati , Chikhaldara ,21.4030119,77.3268121,0,659,4490,0,94,0,0,0,0,0,0,333,1117,1401,741,0,0,15,0,3,10,0,0,0,0,0,0,0,0,0,526,1114,0,0,0
 Amravati , Chikhaldara ,21.4030119,77.3268121,974,943,5448,0,16,0,0,0,0,0,0,1548,3657,2912,648,0,180,18,0,378,356,0,43,0,3813,8,3,127,22,17,10582,214,192,204,0
 Amravati , Anjangaon Surji ,21.1689372,77.3008506,0,875,5783,0,0,0,0,0,0,0,0,510,2350,1115,0,0,0,0,0,0,50,0,0,0,220,0,0,90,0,0,20566,0,20,110,0
 Amravati , Anjangaon Surji ,21.1689372,77.3008506,832,1276,5939,0,29,0,0,0,0,0,0,2555,6776,6515,552,0,0,75,0,128,260,10,325,1,3793,13,21,180,82,37,2405,123,190,128,0
 Amravati , Achalpur ,21.257584,77.5086754,0,2345,12513,0,56,0,0,0,0,0,0,213,23400,619,90,0,0,0,0,171,571,0,0,0,3132,0,0,549,0,54,21998,608,8,0,0
 Amravati , Achalpur ,21.257584,77.5086754,714,869,5126,0,72,0,0,0,0,0,0,2761,8814,6275,1145,0,0,7,0,254,564,0,151,0,5215,27,6,164,56,52,21231,263,182,172,0
 Amravati , Chandurbazar ,21.2338919,77.7394856,656,877,5793,0,76,0,0,0,0,0,0,2075,6955,9080,957,0,0,24,0,176,198,0,271,0,3426,62,11,255,27,36,19540,112,37,80,0
 Amravati , Chandurbazar ,21.2338919,77.7394856,0,1400,805,0,61,20,0,0,0,0,0,2580,3655,430,1119,0,0,0,0,3,433,0,0,0,2091,0,0,280,0,10,7501,0,14,0,0
 Amravati , Morshi ,21.3241951,78.0138306,825,585,9708,0,50,0,0,0,0,0,0,3665,10234,7246,856,0,0,17,0,54,261,46,312,11,4255,32,6,37,74,69,26113,84,38,110,0
 Amravati , Morshi ,21.3241951,78.0138306,0,1089,4110,0,35,0,0,0,0,0,0,2885,5111,715,304,0,0,1,0,3,258,0,0,0,4300,0,0,124,0,6,17270,136,1,20,0
 Amravati , Worud ,21.4765,78.2677,12,863,8990,0,158,0,0,0,0,0,0,715,2631,84,39,0,0,0,0,0,1243,0,0,0,9857,0,0,58,0,15,6859,45,0,0,0
 Amravati , Worud ,21.4765,78.2677,1069,880,8747,0,65,0,0,0,0,0,0,1510,9082,2914,305,0,0,61,0,132,605,0,150,0,5407,45,10,105,53,48,15623,243,54,127,0
 Amravati , Teosa ,21.0865104,78.0537813,585,445,5071,52,56,0,0,0,0,0,0,3147,4625,3485,412,1,96,18,0,98,259,0,134,2,4118,75,13,301,77,48,18466,222,63,95,0
 Amravati , Teosa ,21.0865104,78.0537813,0,1450,4480,0,0,0,0,0,0,0,0,3200,3254,176,11,0,0,0,0,88,30,0,0,0,1795,0,0,37,0,0,13663,372,0,0,0
 Amravati , Amravati ,20.9319821,77.7523039,1169,881,11351,0,54,0,0,0,0,0,0,3950,7018,6932,872,34,0,89,0,345,468,0,412,2,5683,77,37,224,107,77,24010,291,119,259,0
 Amravati , Amravati ,20.9319821,77.7523039,0,649,9335,0,125,0,0,0,0,0,0,2897,3306,3105,1306,0,0,0,0,3,60,0,0,0,1557,0,0,106,0,0,23095,166,92,693,0
 Amravati , Bhatkuli ,20.9059866,77.6034894,657,389,4622,0,118,0,0,0,0,0,0,2046,7495,8987,445,18,0,11,0,214,228,0,174,1,3935,18,24,211,26,22,26303,132,118,208,0
 Amravati , Bhatkuli ,20.9059866,77.6034894,0,0,0,0,0,0,0,0,0,0,0,15000,6000,14000,300,0,0,0,0,0,0,0,0,0,110,0,0,14,0,0,0,0,500,500,0
 Amravati , Daryapur ,20.9237908,77.3496708,0,0,8503,0,0,0,0,0,0,0,0,15735,4268,15735,0,0,0,0,0,0,0,0,0,0,0,0,0,0,0,0,38485,0,0,0,0
 Amravati , Daryapur ,20.9237908,77.3496708,910,398,10105,22,34,0,0,0,0,0,0,3349,8405,5421,975,0,0,29,0,104,215,0,75,0,4636,29,13,291,41,30,19365,96,102,169,0
 Amravati , Nandgaon-Khandeshwar ,20.6867649,77.8338693,4,1070,11215,0,125,0,0,0,0,0,0,44,0,0,0,0,0,7,0,110,110,0,0,0,1275,0,0,95,0,27,38790,2,0,190,0
 Amravati , Nandgaon-Khandeshwar ,20.6867649,77.8338693,759,985,12125,0,121,0,0,0,0,0,0,2382,2790,5755,653,7,55,22,0,182,105,25,567,5,2656,46,18,328,89,38,20472,246,35,74,0
 Amravati , Chandur Railway ,20.8141639,77.9767202,551,1235,7240,13,118,0,0,0,0,0,0,1802,5893,3240,428,1,68,54,0,169,214,0,225,3,2229,28,20,135,65,38,21589,154,42,116,0
 Amravati , Chandur Railway ,20.8141639,77.9767202,1,836,6611,0,108,0,0,0,0,0,0,240,4008,1911,40,0,53,0,0,0,1485,0,0,0,1444,0,0,0,0,0,23260,56,0,0,0
 Amravati , Dhamangaon Railway ,20.7933224,78.1393397,10,2243,7190,0,330,0,0,0,0,0,0,882,9484,2330,56,0,55,0,0,194,125,0,0,0,882,0,0,0,0,0,0,17,0,15,0
 Amravati , Dhamangaon Railway ,20.7933224,78.1393397,864,758,7417,0,10,0,0,0,0,0,0,2195,8022,4369,377,2,0,26,0,234,335,0,61,1,3674,52,19,219,28,33,22477,156,39,32,0
 Aurangabad , Kannad ,20.2697885,75.1341064,0,6000,1200,1200,12000,0,0,0,0,0,0,3600,7000,800,600,0,0,0,0,1800,26,2,36,0,222,3,1,2400,226,285,49500,200,200,100,200
 Aurangabad , Soegaon ,20.5944882,75.6164442,0,1800,2700,100,1900,0,0,0,0,0,0,2600,2400,800,100,0,0,0,0,0,11,1,14,0,87,153,0,100,18,11,29800,200,100,0,800
 Aurangabad , Sillod ,20.3079382,75.6528116,0,6200,3200,1400,11700,0,0,0,0,0,0,2700,2200,1400,1200,0,0,0,0,500,302,3,59,0,5,2,1,1500,69,123,37500,300,1500,1400,2200
 Aurangabad , Phulambri ,20.0885842,75.4176439,0,6000,0,100,5000,0,0,0,0,0,0,2200,3000,800,500,0,0,0,0,1000,24,2,23,0,13,9,23,100,24,39,28400,300,0,0,0
 Aurangabad , Aurangabad ,19.8761653,75.3433139,0,6000,0,15700,16000,0,0,0,0,0,0,8000,14100,1500,500,0,0,0,0,100,19,2,78,0,359,3,10,400,83,41,25100,100,300,200,800
 Aurangabad , Khuldabad ,20.0075549,75.1924755,0,6600,0,10200,6000,0,0,0,0,0,0,5100,4800,500,300,0,0,0,0,800,3,1,29,0,40,0,2,100,6,26,17100,0,0,0,100
 Aurangabad , Vaijapur ,19.9256818,74.7284812,0,8200,0,6600,11200,0,0,0,0,0,0,7400,2800,2900,100,0,0,0,0,2000,70,3,17,0,37,2,0,7200,71,62,58500,4400,0,100,600
 Aurangabad , Gangapur ,17.2008563,76.5372625,0,2300,0,20000,12500,0,0,0,0,0,0,5500,9000,1000,200,0,0,0,0,5500,150,3,17,0,66,2,2,2500,53,139,56000,200,0,100,2500
 Aurangabad , Paithan ,19.4776906,75.3849382,0,4100,0,25500,13500,0,0,0,0,0,0,5000,15500,1400,300,0,0,0,0,5500,20,2,206,0,387,10,2,100,126,130,41200,200,400,100,500
 Bhandara , Tumsar ,21.3808404,79.7455956,26179,1636,0,0,0,150,0,0,0,0,0,736,870,161,12,0,0,0,15,536,149,18,10,0,46,0,108,67,236,186,0,14,3,0,4
 Bhandara , Mohadi ,21.3087682,79.6754694,30997,2674,0,0,0,0,0,0,0,0,0,1188,844,184,272,0,0,58,28,152,403,14,26,0,19,11,41,212,555,197,0,41,3,0,85
 Bhandara , Bandara ,21.15078,79.15105,24313,3393,0,27,0,0,0,0,0,0,0,1383,1115,121,233,0,0,26,148,16,656,1,23,0,7,0,0,17,446,279,0,0,57,0,1825
 Bhandara , Sakoli ,21.0817186,79.9973278,19878,751,0,0,0,0,0,0,0,0,0,441,456,49,278,1,0,22,11,59,233,13,17,0,1,0,2,22,94,24,0,19,5,0,0
 Bhandara , Lakhani ,21.06077,79.82504,22830,650,0,0,0,0,0,0,0,0,0,371,772,108,308,7,0,19,6,1,98,4,26,0,1,0,0,10,160,50,0,46,7,0,2
 Bhandara , Pauni ,20.7938803,79.6368375,33394,2800,0,28,0,0,0,0,0,0,0,628,875,1810,1010,2,0,0,3205,8,365,12,40,0,22,0,8,154,318,108,0,62,61,0,2903
 Bhandara , Lakhandur ,20.7572391,79.8842826,31184,1421,0,0,0,0,0,0,0,0,0,503,712,3251,2451,27,0,17,3603,21,276,3,53,0,0,0,1,112,192,134,0,37,0,0,415
 Buldana , Jalgaon (Jamod) ,21.0474594,76.5314817,0,1040,7112,0,478,0,0,0,0,0,0,3385,4410,7471,7627,122,39,0,2,38,598,0,631,12,551,0,24,96,0,7,18536,409,0,314,6258
 Buldana , Sangrampur ,21.0329253,76.6788091,0,1350,8955,0,346,0,0,0,0,0,0,2262,4536,3707,6290,196,41,0,0,66,219,0,240,0,215,0,8,125,0,8,16413,174,0,89,6412
 Buldana , Shegaon ,20.7929874,76.6910458,0,740,12585,0,350,0,0,0,0,0,0,1102,3393,8512,4674,83,30,0,0,92,290,0,102,0,146,0,9,170,0,3,16602,73,480,102,4626
 Buldana , Nandura ,20.8307334,76.4505243,0,1415,8804,0,458,0,0,0,0,0,0,1450,4286,4690,3305,48,49,0,2,34,202,0,188,0,209,0,2,45,0,12,13635,36,1,110,3590
 Buldana , Malkapur ,20.8843273,76.2026077,0,1183,10610,0,215,0,0,0,0,0,0,1323,3256,2325,5204,74,25,0,3,94,391,0,342,0,227,0,3,91,0,9,12816,14,4,134,5818
 Buldana , Motala ,20.680058,76.21025,0,2145,8661,0,336,0,0,0,0,0,0,2730,3655,3798,3572,52,18,0,4,78,455,0,129,0,235,0,5,65,0,1,18489,154,5,94,7422
 Buldana , Khamgaon ,20.7131695,76.5650829,0,1857,13148,0,569,0,0,0,0,0,0,1643,4966,5262,6590,36,34,0,0,75,488,0,190,0,179,0,6,289,0,4,17502,234,69,85,3125
 Buldana , Mehkar ,20.1477543,76.571318,16,3859,14154,0,255,0,0,0,0,0,0,3258,6601,10677,6548,49,42,0,0,160,472,0,412,0,182,0,2,106,0,5,6435,186,63,112,9364
 Buldana , Chikhli ,20.3485,76.2529,0,3750,9964,0,484,0,0,0,0,0,0,2075,4784,8015,9102,58,26,11,1,90,122,0,326,44,316,0,11,194,0,10,10340,67,365,223,8459
 Buldana , Buldana ,20.5292147,76.1841701,26,3065,7019,0,646,0,0,0,0,0,0,3035,2370,4815,7059,128,37,0,2,213,314,0,231,24,248,0,18,42,0,15,9156,229,110,140,9602
 Buldana , Deolgaon Raja ,20.0185658,76.0339052,0,3511,11275,0,541,0,0,0,0,0,0,2478,3792,8481,5677,142,65,0,1,127,204,0,458,8,199,0,1,73,0,6,8320,94,0,245,4785
 Buldana , Sindkhed Raja ,19.9525432,76.1259607,18,2380,11156,0,585,0,0,0,0,0,0,1920,4440,9020,7416,75,49,12,1,131,502,0,635,16,354,0,7,132,0,3,12418,175,59,96,5110
 Buldana , Lonar ,19.9757827,76.5069107,37,2790,14229,0,402,0,0,0,0,0,0,2635,6906,12857,8452,115,21,0,2,96,416,0,115,4,289,0,14,216,0,12,7729,205,246,126,4038
 Chandrapur , Warora ,20.250596,79.0163018,7366,1190,1930,2481,0,0,0,0,0,0,0,898,1565,239,250,133,12,141,9,0,325,5,413,0,24,0,0,13,104,34,2741,18,0,0,0
 Chandrapur , Chimur ,20.4952254,79.3718986,8770,4427,1125,1846,0,0,0,0,0,0,0,1263,2268,173,186,261,13,126,126,0,638,2,315,0,2,3,0,17,84,139,7480,7,0,4,0
 Chandrapur , Nagbhir ,20.5846349,79.6810815,9129,4085,1331,1610,0,0,0,0,0,0,0,2405,2854,216,173,91,183,137,165,25,595,1,507,0,48,9,0,97,74,93,4752,15,17,0,0
 Chandrapur , Brahmapuri ,20.6098549,79.8576828,16771,1644,756,1107,0,0,0,0,0,0,0,1105,3453,207,142,155,25,105,211,0,1475,1,216,0,47,16,0,45,86,56,2805,8,28,0,0
 Chandrapur , Sawali ,18.770899,77.725283,12398,536,2025,3456,0,0,0,0,0,0,0,414,1290,97,241,193,30,114,35,0,21,0,528,0,10,0,0,37,78,40,4269,20,0,1,0
 Chandrapur , Sindewahi ,20.2879263,79.6579632,14974,545,188,2148,0,0,0,0,0,0,0,852,2641,248,229,244,10,129,110,0,78,2,122,0,2,0,0,7,14,61,6214,13,0,4,0
 Chandrapur , Bhadravati ,20.112093,79.118698,14001,489,652,1456,6,0,0,0,0,0,0,636,1743,374,190,81,29,17,61,0,442,0,214,0,7,0,5,51,32,35,5258,5,0,0,0
 Chandrapur , Chandrapur ,19.9615398,79.2961468,11587,582,441,978,0,0,0,0,0,0,0,448,565,285,299,242,12,45,44,0,215,0,542,0,4,0,0,5,16,23,2932,0,0,0,0
 Chandrapur , Mul ,20.072056,79.673538,10336,388,385,1598,0,1,0,0,0,0,0,591,365,292,277,407,5,143,22,0,519,0,488,0,3,0,0,7,35,38,3102,23,0,0,0
 Chandrapur , Pombhurna ,19.8667438,79.6333674,6434,912,520,2545,0,1,0,0,0,0,0,357,1389,220,359,223,129,62,150,0,454,2,408,0,2,0,0,33,29,12,2368,1,0,0,0
 Chandrapur , Ballarpur ,19.8515663,79.3498917,9297,1730,886,1450,0,6,0,0,0,0,0,442,3829,184,234,268,12,155,81,0,1061,0,117,0,0,0,0,9,19,7,5408,16,0,0,0
 Chandrapur , Korpana ,19.7391741,78.9903285,7258,2247,1241,2507,0,4,0,0,0,0,0,623,3706,1027,276,179,6,487,70,0,631,7,90,0,11,0,0,3,17,5,3354,4,8,0,0
 Chandrapur , Jiwati ,19.6363683,79.0729793,0,0,0,0,0,0,0,0,0,0,0,0,0,0,0,0,0,0,0,0,0,0,0,0,0,0,0,0,0,0,0,0,0,0,0
 Chandrapur , Rajura ,19.7774571,79.3662675,2790,1270,984,1626,0,4,0,0,0,0,0,240,398,132,189,101,4,49,82,0,553,1,62,0,10,2,0,17,3,8,2163,0,0,0,0
 Chandrapur , Gondpipri ,19.7153743,79.6852904,11406,372,1004,1385,0,6,0,0,0,0,0,246,737,335,135,381,18,90,41,0,808,0,45,0,2,0,0,25,7,21,3214,1,0,0,0
 Dhule , Shirpur ,21.3495981,74.8797127,0,1456,2181,1361,3404,0,0,0,0,0,0,293,282,4512,975,0,51,0,0,1729,242,1,3,0,33,352,0,84,27,10,31311,1502,0,0,304
 Dhule , Shindkhed ,19.9525432,76.1259607,0,1370,6058,0,18283,0,0,0,0,0,0,966,590,10402,404,589,439,0,0,266,1099,0,0,0,34,16,0,2231,9,0,45984,4827,4,0,0
 Dhule , Sakri ,20.9926045,74.3140742,12442,6164,4,2122,1942,305,0,921,780,0,0,1581,137,544,1580,11885,546,0,0,3545,1077,61,143,44,0,0,0,3523,195,48,349892,3055,0,0,3691
 Dhule , Dhule ,20.9042201,74.7748979,14,2332,12926,0,3112,180,0,0,0,0,0,1496,1118,771,523,3563,511,0,0,207,942,13,0,0,0,0,0,2225,0,0,40853,1055,0,0,121
 Gadchiroli , Desaiganj (Vadasa) ,20.6202144,79.9653802,10802,141,0,304,0,0,0,0,0,0,0,111,21,123,62,3,3,120,54,0,63,18,371,0,0,0,0,4,5,45,18,2,1,5,376
 Gadchiroli , Armori ,20.4663454,79.9831032,17837,148,0,344,0,0,0,0,0,0,0,426,214,175,122,6,0,242,22,0,215,31,353,0,4,0,2,21,34,34,24,3,0,1,388
 Gadchiroli , Kurkheda ,20.6198537,80.2084273,13446,358,0,526,0,0,0,0,0,0,0,318,72,84,143,27,61,356,41,0,450,28,215,0,4,0,0,92,24,21,29,2,1,3,235
 Gadchiroli , Korchi ,20.7171349,80.4701964,9718,0,0,319,0,0,0,0,0,0,0,179,193,140,179,54,14,141,21,0,96,9,605,0,0,0,1,7,13,2,14,0,0,5,39
 Gadchiroli , Dhanora ,20.2731832,80.3073826,16800,0,0,812,0,0,0,0,0,0,52,288,146,71,57,10,8,33,16,0,281,7,421,0,3,0,3,10,11,15,8,8,0,0,52
 Gadchiroli , Gadchiroli ,20.184871,79.9947956,12680,206,0,615,0,0,0,0,0,0,0,211,154,504,276,4,1,335,59,0,124,24,831,0,2,0,3,45,20,39,56,1,0,0,419
 Gadchiroli , Chamorshi ,19.9404944,79.8912813,9656,161,0,428,0,0,0,0,0,0,0,436,253,61,65,81,3,152,6,0,254,9,152,0,2,0,5,39,59,9,48,0,0,0,295
 Gadchiroli , Mulchera ,19.6788188,80.0050903,11907,0,0,867,0,0,0,0,0,0,0,131,85,39,24,26,0,359,15,0,25,12,192,0,0,0,0,17,25,10,16,1,0,0,318
 Gadchiroli , Etapalli ,19.5987769,80.2269099,13314,0,0,1014,0,0,0,0,0,0,16,2,341,124,88,5,9,214,14,0,72,16,187,0,0,0,0,14,3,4,32,0,0,0,123
 Gadchiroli , Bhamragad ,19.4148142,80.5896685,10885,0,0,889,0,0,0,0,0,0,12,19,103,30,15,41,7,377,12,0,117,10,95,0,0,0,0,6,5,1,20,0,0,0,219
 Gadchiroli , Aheri ,19.4133545,80.0059101,9454,0,0,456,0,0,0,0,0,0,0,100,34,85,20,12,0,222,21,0,55,14,224,0,0,0,0,52,7,21,13,5,0,0,272
 Gadchiroli , Sironcha ,18.8477159,79.9612368,7574,0,0,623,0,0,0,0,0,0,8,6,117,35,45,25,0,149,13,0,327,7,338,0,2,0,4,64,12,9,95,8,4,0,65
 Gondiya , Tirora ,21.4068321,79.9309055,26747,322,0,0,0,0,0,0,0,0,0,375,0,5,53,0,0,74,0,15,115,48,3,0,0,1,32,67,0,77,0,3,0,0,0
 Gondiya , Tirora ,21.4068321,79.9309055,26747,322,0,0,0,0,0,0,0,0,0,375,0,5,53,0,0,74,0,15,115,48,3,0,0,1,32,67,0,77,0,3,0,0,0
 Gondiya , Tirora ,21.4068321,79.9309055,26747,322,0,0,0,0,0,0,0,0,0,375,0,5,53,0,0,74,0,15,115,48,3,0,0,0,32,67,0,77,0,3,0,0,0
 Gondiya , Tirora ,21.4068321,79.9309055,26747,322,0,0,0,0,0,0,0,0,0,375,0,5,53,0,0,74,0,15,115,48,3,0,0,0,32,67,0,77,0,3,0,0,0
 Gondiya , Tirora ,21.4068321,79.9309055,26747,322,0,0,0,0,0,0,0,0,0,375,0,5,53,0,0,74,0,15,115,48,3,0,0,1,32,67,0,77,0,3,0,0,0
 Gondiya , Tirora ,21.4068321,79.9309055,26747,322,0,0,0,0,0,0,0,0,0,375,0,5,53,0,0,74,0,15,115,48,3,0,0,1,32,67,0,77,0,3,0,0,0
 Gondiya , Tirora ,21.4068321,79.9309055,26747,322,0,0,0,0,0,0,0,0,0,375,0,5,53,0,0,74,0,15,115,48,3,0,0,0,32,67,0,77,0,3,0,0,0
 Gondiya , Tirora ,21.4068321,79.9309055,26747,322,0,0,0,0,0,0,0,0,0,375,0,5,53,0,0,74,0,15,115,48,3,0,0,0,32,67,0,77,0,3,0,0,0
 Gondiya , Tirora ,21.4068321,79.9309055,26747,322,0,0,0,0,0,0,0,0,0,375,0,5,53,0,0,74,0,15,115,48,3,0,0,1,32,67,0,77,0,3,0,0,0
 Gondiya , Tirora ,21.4068321,79.9309055,26747,322,0,0,0,0,0,0,0,0,0,375,0,5,53,0,0,74,0,15,115,48,3,0,0,1,32,67,0,77,0,3,0,0,0
 Gondiya , Tirora ,21.4068321,79.9309055,26747,322,0,0,0,0,0,0,0,0,0,375,0,5,53,0,0,74,0,15,115,48,3,0,0,0,32,67,0,77,0,3,0,0,0
 Gondiya , Tirora ,21.4068321,79.9309055,26747,322,0,0,0,0,0,0,0,0,0,375,0,5,53,0,0,74,0,15,115,48,3,0,0,0,32,67,0,77,0,3,0,0,0
 Gondiya , Tirora ,21.4068321,79.9309055,26747,322,0,0,0,0,0,0,0,0,0,375,0,5,53,0,0,74,0,15,115,48,3,0,0,1,32,67,0,77,0,3,0,0,0
 Gondiya , Tirora ,21.4068321,79.9309055,26747,322,0,0,0,0,0,0,0,0,0,375,0,5,53,0,0,74,0,15,115,48,3,0,0,1,32,67,0,77,0,3,0,0,0
 Gondiya , Tirora ,21.4068321,79.9309055,26747,322,0,0,0,0,0,0,0,0,0,375,0,5,53,0,0,74,0,15,115,48,3,0,0,0,32,67,0,77,0,3,0,0,0
 Gondiya , Tirora ,21.4068321,79.9309055,26747,322,0,0,0,0,0,0,0,0,0,375,0,5,53,0,0,74,0,15,115,48,3,0,0,0,32,67,0,77,0,3,0,0,0
 Hingoli , Sengaon ,19.7929498,76.8865085,510,0,1800,0,0,50,0,0,0,0,0,0,0,5000,15700,0,50,0,25,0,50,30,150,1,113,0,0,0,5,3,14000,75,520,0,19000
 Hingoli , Sengaon ,19.7929498,76.8865085,550,0,1600,0,0,60,0,0,0,0,0,0,0,4000,15000,0,100,0,30,0,60,40,150,1,120,0,0,0,5,3,18000,70,425,0,0
 Hingoli , Hingoli ,19.7173703,77.1493722,250,6200,10200,70,8,50,0,0,0,0,0,6500,5200,4300,10500,0,60,0,50,0,65,35,26,0,188,0,0,60,45,35,14000,700,400,2700,29500
 Hingoli , Hingoli ,19.7173703,77.1493722,240,4500,12200,50,7,50,0,0,0,0,0,5000,5000,4600,10200,0,60,0,40,0,55,30,26,0,188,0,0,60,30,25,13600,400,270,2400,28450
 Hingoli , Aundha (Nagnath) ,19.5400902,77.0406147,913,4500,6055,200,200,10,0,0,0,0,0,1050,2515,4749,3763,50,0,0,0,250,40,60,35,0,75,200,3,40,32,40,16284,750,220,2600,23348
 Hingoli , Aundha (Nagnath) ,19.5400902,77.0406147,882,3050,3314,195,190,12,0,0,0,0,0,1200,2521,1970,1781,20,0,0,0,240,50,50,35,0,75,150,3,45,34,45,22878,300,180,2500,25972
 Hingoli , Kalamnuri ,19.6751188,77.3079806,2000,10500,12500,0,100,70,0,0,0,0,0,8700,5900,6100,5000,50,50,20,25,0,80,10,26,0,102,500,2,60,20,0,16850,300,200,500,19000
 Hingoli , Kalamnuri ,19.6751188,77.3079806,2000,8400,11200,0,175,70,0,0,0,0,0,6200,5200,5200,5200,52,60,20,20,0,50,60,26,0,102,402,0,50,20,0,18040,200,110,620,20400
 Hingoli , Basmath ,19.3301963,77.1589479,979,10800,9046,1200,0,0,0,0,0,0,0,9020,3984,2984,2155,0,0,0,0,5578,15,5,32,1,225,1250,0,80,20,20,29059,3500,440,0,20089
 Hingoli , Basmath ,19.3301963,77.1589479,972,9500,8905,1830,0,0,0,0,0,0,0,8000,3369,3329,2294,0,0,0,0,5450,10,5,32,1,225,900,0,60,16,16,29394,2900,475,0,21517
 Jalgaon , Chopda ,21.2472081,75.3031435,18,816,7813,2285,1296,27,0,0,0,0,0,452,423,7005,3247,0,24,0,0,4433,253,1,12,0,60,4562,0,759,35,0,30998,429,565,23,325
 Jalgaon , Yawal ,21.168089,75.6991717,23,2597,1518,236,416,1037,0,0,0,0,0,616,786,1930,3495,55,507,0,0,2484,66,2,0,0,32,9285,10,218,0,0,18005,898,141,55,5
 Jalgaon , Raver ,21.2400311,76.0333885,0.15,14689,0,149,0,102,0,0,0,0,0,1806,709,933,1773,6,1,0,0,654,6,0,0,0,9,22215,0,22,31,0,12896,836,0,12,308
 Jalgaon , Muktainagar ,21.0468205,76.0594972,190,1970,4480,490,3090,935,0,0,0,0,0,875,1190,1080,990,0,440,0,0,1515,290,25,0,70,170,3940,0,220,0,0,9580,3830,110,80,190
 Jalgaon , Bodvad ,20.901904,76.0174308,0,408,6744,0,0,38,0,0,0,0,0,300,469,635,987,0,111,0,0,2,313,0,0,0,8,205,0,53,0,0,14077,0,0,5,439
 Jalgaon , Bhusawal ,21.0417707,75.7875517,0,598,7281,0,391,0,0,0,0,0,0,235,580,780,4780,25,31,0,0,270,129,20,0,0,568,472,0,72,0,0,0,0,3,6,6
 Jalgaon , Jalgaon ,21.0076578,75.5626039,23,458,8033,0,449,0,0,0,0,0,0,826,450,2209,17083,0,10,0,0,482,118,5,0,0,74,3504,0,19,54,3,23210,11,78,0,698
 Jalgaon , Erandol ,20.9265794,75.3324723,70,1740,5970,680,930,950,0,0,0,0,0,1540,1630,870,1750,0,680,0,0,920,180,50,0,0,380,1160,0,210,90,90,7481,2130,0,60,0
 Jalgaon , Dharangaon ,21.0145539,75.2741557,0,605,8990,1509,490,106,0,0,0,0,0,402,443,2879,5595,0,4,0,0,371,71,0,0,0,61,312,0,20,26,0,22077,23,52,0,72
 Jalgaon , Amalner ,21.0419208,75.0581943,0,674,15466,4080,9056,152,0,0,12,0,0,2159,674,3995,2017,78,40,0,0,101,840,6,4,2,96,201,0,48,28,6,26715,591,394,6,105
 Jalgaon , Parola ,20.88098,75.11937,4,383,11349,0,639,0,0,0,0,0,0,242,725,799,2056,2,142,0,0,57,143,1,0,0,54,110,0,0,68,1,8389,28,0,1,29
 Jalgaon , Bhadgaon ,20.6692763,75.2290786,40,1929,8175,145,4561,80,0,0,0,0,0,354,621,841,712,2,50,0,0,1038,75,1,14,0,194,1681,0,40,13,2,8684,563,0,0,15
 Jalgaon , Chalisgaon ,20.4619475,75.0063288,0,1364,0,0,0,0,0,0,0,0,0,925,0,0,0,0,0,0,0,2160,291,2,4,17,198,740,0,390,149,21,28115,2795,93,13,19
 Jalgaon , Pachora ,20.6588865,75.3491798,0,1631,11788,988,5852,878,0,0,0,0,0,264,812,2106,2217,0,234,0,0,314,107,7,5,0,372,1117,0,57,44,7,33058,25,140,41,141
 Jalgaon , Jamner ,20.8095714,75.7787358,217,588,17470,0,2183,0,0,0,0,0,0,3460,2842,1425,3395,0,284,0,0,86,317,0,13,0,800,1500,0,81,0,50,60946,586,155,0,0
 Jalna , Bhokardan ,20.2590232,75.7697582,0,5500,1800,2300,3100,0,0,0,0,0,0,4100,4400,3200,2200,0,3,0,0,690,150,80,113,0,0,0,0,40,0,0,48500,0,100,200,4100
 Jalna , Jafferabad ,20.1863891,76.0079913,0,4800,800,4500,900,0,0,0,0,0,0,3000,450,3300,2500,0,4,0,0,590,105,20,715,0,0,0,0,25,0,0,27000,0,0,100,11000
 Jalna , Jalna ,19.8346659,75.8816345,0,6400,0,18700,4000,0,0,0,0,0,0,3700,9200,9700,3500,0,2,0,0,972,90,10,120,0,0,5,0,50,0,0,42200,0,0,0,11300
 Jalna , Badnapur ,19.8682398,75.7256331,0,3200,0,13000,11500,0,0,0,0,0,0,1800,5900,4800,300,0,2,0,0,180,50,10,77,0,0,5,0,20,0,0,28100,0,100,400,1100
 Jalna , Ambad ,18.0719301,75.3441329,0,3900,0,18000,5900,0,0,0,0,0,0,5300,11100,4500,300,0,5,0,0,8003,5,15,250,0,0,10,0,100,0,0,42700,0,0,100,1100
 Jalna , Ghansawangi ,19.5231209,75.9869609,0,3900,0,17100,8400,0,0,0,0,0,0,3300,8800,5800,300,0,4,0,0,7148,40,25,147,0,0,15,0,80,0,0,40900,0,0,0,2600
 Jalna , Partur ,19.5857562,76.213349,0,3600,0,18000,1200,0,0,0,0,0,0,2800,10500,6000,700,0,3,0,0,760,30,10,123,0,0,15,0,35,0,0,38000,0,0,0,3500
 Jalna , Mantha ,19.6489,76.3883,0,3000,1000,11800,1100,0,0,0,0,0,0,3200,9300,7900,6100,0,4,0,0,65,30,10,76,0,0,5,0,80,0,0,21900,0,0,300,11800
 Kolhapur , Shahuwadi ,16.9123352,73.94484,13377,1050,424,100,0,210,232,2508,0,252,0,900,12,0,445,64,0,199,15,2672,93,0,112,0,0,0,0,36,0,80,0,2847,40,0,0
 Kolhapur , Panhala ,16.8106871,74.1181234,10776,358,1745,140,0,230,58,1481,0,27,0,1060,174,10,239,270,0,394,5,9404,296,0,532,0,0,0,0,46,0,8,0,2248,0,0,0
 Kolhapur , Hatkanangle ,16.9429263,74.123996,1007,1073,3476,3200,24,642,32,59,0,70,0,1760,341,1126,799,401,3,231,29,13989,339,0,426,0,0,0,0,230,0,86,0,8079,35,0,0
 Kolhapur , Shirol ,16.7480408,74.5908872,570,1342,155,2100,21,336,0,45,0,200,0,2230,77,544,206,0,18,209,18,17883,381,0,273,0,0,0,0,209,0,85,25,2250,4,0,0
 Kolhapur , Karvir ,16.6951125,74.2294632,11865,838,1381,460,1,427,165,645,0,199,0,900,324,412,114,346,0,276,88,19936,316,0,347,0,0,0,0,170,0,101,3,6176,75,0,0
 Kolhapur , Gaganbavda ,16.5435052,73.8316141,4126,86,0,0,0,735,0,1368,0,179,0,0,0,0,0,0,0,125,0,10244,125,0,186,0,0,0,0,77,0,2,0,570,0,0,0
 Kolhapur , Radhanagari ,16.4151164,73.9976946,11797,100,7,660,0,580,188,2627,0,121,0,0,0,0,0,12,0,74,57,7339,125,0,184,0,0,0,0,35,0,6,0,1223,2,0,0
 Kolhapur , Kagal ,16.5886465,74.3085454,9963,1139,725,2790,0,709,135,339,3,190,0,2975,551,86,669,158,0,127,55,8212,709,0,530,0,0,0,0,99,0,110,0,11614,130,0,0
 Kolhapur , Bhudargad ,16.2155927,74.0711575,12586,390,45,8,1,210,22,3500,0,121,0,1000,1,0,0,160,0,85,10,3362,99,0,325,0,0,0,0,56,0,10,0,3051,0,0,0
 Kolhapur , Ajra ,16.1018,74.1244,9067,1260,556,15,0,727,0,3701,0,179,0,1655,0,0,0,246,0,189,16,2364,375,0,309,0,0,0,0,45,0,14,19,4862,0,0,0
 Kolhapur , Gadhinglaj ,16.226445,74.3499691,7592,720,1960,1420,0,1282,43,385,0,219,0,1400,629,530,600,455,0,256,77,4984,1034,0,708,0,0,0,0,56,0,146,0,19875,40,0,0
 Kolhapur , Chandgad ,15.9472889,74.1885825,13599,135,94,300,0,389,4,7126,0,72,0,0,301,0,0,19,0,186,5,8280,1230,0,1604,0,0,0,0,61,0,12,62,6470,0,0,0
 Latur , Latur ,18.4087934,76.5603828,1300,4800,12200,4300,500,900,0,0,0,0,0,8700,7100,2900,9600,0,0,7,0,13600,253,168,352,40,7.9,5,138.5,378,98.9,94.35,0,200,1300,600,31800
 Latur , Renapur ,18.5291086,76.5965,400,4600,10100,2100,300,300,0,0,0,0,0,7800,5800,1900,1600,0,0,4,0,2100,111,51,176,194.91,5,9,41.4,169,50.7,38.9,300,200,600,500,24200
 Latur , Ahmadpur ,18.7061945,76.938379,200,4300,16600,200,600,600,0,0,0,0,0,4300,14300,2600,700,0,0,0.2,0,500,143,51,310,38,5.5,8,26.7,204,56.05,112.65,3200,200,4600,200,26400
 Latur , Jalkot ,18.7061945,76.938379,600,1600,24900,1600,600,600,0,0,0,0,0,5400,13100,1700,7700,0,0,8.8,0,100,177,152,288,174.92,2.7,8,248.3,227,89.55,295.6,0,300,1900,800,19000
 Latur , Chakur ,18.6282758,77.1787114,600,600,5200,0,100,100,0,0,0,0,0,700,5100,2100,1000,0,0,0,0,100,47,19,75,2.7,1.2,0,1.6,47,28.9,40.6,700,0,400,200,7800
 Latur , Shirur-Anantpal ,18.51122,76.8721722,300,2200,4100,2500,200,300,0,0,0,0,0,5000,5000,1800,2600,0,0,0,0,2200,0,0,100,9.6,3,2,41.2,192,60.4,52.2,0,0,600,700,9600
 Latur , Ausa ,18.3369203,76.8389413,1300,10100,18900,8200,1300,1000,0,0,0,0,0,13500,18700,3800,13600,0,0,3.8,0,8800,309,147,364,278,6,20,63.8,457,166.38,191.54,100,900,4200,3700,25600
 Latur , Nilanga ,18.245655,76.505356,800,9900,15500,5000,500,600,0,0,0,0,0,18500,9200,4700,10900,0,0,0.6,0,6400,168,77,240,89,4,8,100.6,522,98.2,81.05,0,200,6800,4400,29200
 Latur , Deoni ,18.1258753,76.750966,700,600,8700,1000,700,300,0,0,0,0,0,3600,5600,2600,8000,0,0,0,0,1500,77,31,70,1.4,2.5,0,13.3,99,45.25,58.65,200,100,600,3100,800
 Latur , Udgir ,18.2621023,77.0823482,500,2300,9500,500,100,200,0,0,0,0,0,7600,9100,2800,4500,0,0,2.6,0,5000,176,55,270,67.63,4.6,5,3.35,268,88.45,140.15,100,100,3600,1200,9900
 Nagpur , Narkhed ,18.3942882,77.1126009,4359,1597,4597,589,4,93,0,0,0,0,0,1278,6128,330,440,107,54,0,0,119,903,14,72,7,2382,17,54,8,293,66,7270,623,12,0,21174
 Nagpur , Katol ,21.4691505,78.5291706,4213,1945,5784,663,1,80,0,0,0,0,0,3217,2818,650,630,25,42,0,0,214,1156,2,126,10,2670,1,35,75,427,132,6590,1140,20,0,19856
 Nagpur , Kalameshwar ,21.273289,78.5859566,2260,1474,4214,223,0,9,0,0,0,0,0,1536,4043,230,255,25,80,0,0,52,1417,6,185,0,2609,8,12,52,355,116,5720,605,0,0,15400
 Nagpur , Savner ,21.2344491,78.9120188,3718,2448,5841,788,0,0,0,0,0,0,0,2667,5660,215,129,39,16,0,0,33,1351,2,130,4,2886,4,14,102,213,128,8662,1029,21,0,11611
 Nagpur , Parseoni ,21.385311,78.92186,2877,2490,2530,285,0,0,0,0,0,0,0,2542,4044,344,141,37,44,0,0,99,2343,0,126,0,1878,2,13,16,490,107,4045,292,54,0,12307
 Nagpur , Ramtek ,21.3756969,79.1520312,3958,1485,3160,390,0,250,0,0,0,0,0,2168,3961,319,120,10,32,0,0,76,1262,7,148,13,2715,2,2,35,373,62,5558,140,0,0,13041
 Nagpur , Mauda ,21.3928618,79.3268397,3462,2833,3989,119,0,0,0,0,0,0,0,4729,2651,36,70,2,49,0,0,142,1591,0,106,0,3169,21,15,43,519,145,4127,314,30,0,11827
 Nagpur , Kamptee ,21.146112,79.4042712,3332,2560,1057,241,0,0,0,0,0,0,0,1980,2005,31,223,35,3,0,0,142,1573,18,93,0,2707,4,12,11,435,185,2905,856,25,0,13846
 Nagpur , Nagpur (Rural) ,21.2242712,79.1893608,2099,2448,3643,658,0,0,0,0,0,0,0,1167,6758,268,18,44,107,0,0,232,1479,23,59,16,2393,10,15,41,454,154,7123,989,23,0,13797
 Nagpur , Nagpur (Urban) ,21.1529738,79.0005881,326,102,330,125,0,0,0,0,0,0,0,34,137,2,4,0,2,0,0,3,37,0,5,0,616,1,0,3,13,38,0,0,0,0,743
 Nagpur , Hingna ,21.1458004,79.0881546,3511,2700,3704,825,0,0,0,0,0,0,0,2463,3282,39,116,32,74,0,0,101,2173,9,112,4,1535,3,16,32,111,186,9924,619,6,0,10104
 Nagpur , Umred ,21.0735488,78.9613486,3020,3539,2221,348,0,0,0,0,0,0,0,4335,2260,53,65,15,27,0,0,57,1038,1,79,21,1598,2,5,111,349,217,5280,402,23,0,21893
 Nagpur , Kuhi ,20.8420718,79.3261084,3615,3854,3264,266,0,0,0,0,0,0,0,1344,3502,72,170,4,71,0,0,49,1675,0,215,0,2523,2,5,54,376,134,3478,221,13,0,18938
 Nagpur , Bhiwapur ,21.017248,79.3676753,2717,1527,2201,456,0,0,0,0,0,0,0,2460,2775,305,115,6,8,0,0,32,1531,0,54,0,2019,1,2,29,216,87,2733,198,18,0,22379
 Nanded , Mahoor ,20.764724,79.5195939,622,1348,8144,0,166,60,0,0,0,0,0,95,4865,820,561,0,0,0,15,1500,433,0,0,0,0,0,0,0,0,9,17669,318,589,429,0
 Nanded , Kinwat ,19.8479,77.9239,2455,3,17406,0,135,25,0,0,0,0,25,2259,1968,2421,2434,0,0,0,0,210,1132,0,0,0,0,0,0,0,0,3,37475,21,703,275,0
 Nanded , Himayatnagar ,19.6245949,78.1963404,1545,1765,6285,0,0,0,0,0,0,0,43,1154,1356,1385,2465,0,0,60,0,850,1640,0,65,0,0,0,0,0,0,11,12522,10,393,350,0
 Nanded , Hadgaon ,19.4216,77.8653,2748,2281,23222,0,146,0,0,0,0,0,13,2672,925,2579,1909,0,0,63,0,2206,201,0,10,0,0,0,0,33,0,12,20449,85,1095,465,0
 Nanded , Ardhapur ,19.4980701,77.6584453,0,1973,687,5827,0,0,0,0,0,0,0,2998,1612,530,239,0,0,152,0,2102,33,0,0,0,0,0,0,0,0,37,6364,760,137,444,0
 Nanded , Nanded ,19.283354,77.3723054,1761,3012,7051,2453,0,0,0,0,0,0,22,2623,2119,571,327,0,0,25,0,2340,148,0,36,0,0,0,0,171,0,31,1912,1839,359,215,0
 Nanded , Mudkhed ,19.1382514,77.3209555,1075,1735,8358,0,0,0,0,0,0,0,14,1158,2305,68,595,0,0,85,0,1100,0,0,23,0,0,0,0,15,0,10,7379,135,326,220,0
 Nanded , Bhokar ,19.144722,77.4988753,1081,1365,10356,0,0,0,0,0,0,0,14,0,3930,1379,2286,0,0,410,20,915,263,0,0,0,0,0,0,0,0,13,21787,110,55,935,0
 Nanded , Umri ,19.2209586,77.6701282,1196,1521,4557,27,0,0,0,0,0,0,0,5299,4700,1128,3632,0,0,20,10,597,193,0,0,0,0,0,0,45,0,12,13543,75,725,608,0
 Nanded , Dharmabad ,19.0581,77.8703,812,1192,1526,0,0,0,0,0,0,0,0,1459,3350,2688,8518,0,0,150,5,361,700,0,0,0,0,0,0,0,0,37,9539,1459,2215,179,0
 Nanded , Biloli ,18.8991513,77.8424456,2201,1424,1320,11414,0,0,0,0,0,0,0,95,4865,5310,9960,0,0,245,5,570,616,0,30,0,0,0,0,21,0,50,18516,1610,1279,975,0
 Nanded , Naigaon (Khairgaon) ,18.7810669,77.7169371,1864,3199,9117,0,0,0,0,0,0,0,0,2259,1968,2611,5155,0,0,75,10,494,900,0,0,0,0,0,0,79,0,0,9533,263,3069,1425,0
 Nanded , Loha ,18.8512091,77.5325991,1525,1769,26230,25,55,0,0,0,0,0,0,1154,1356,2235,980,0,0,0,0,935,58,0,0,0,0,0,0,32,0,37,24792,1404,915,65,0
 Nanded , Kandhar ,18.947388,77.11544,1274,1398,25621,0,0,0,0,0,0,0,0,2672,925,2643,4265,0,0,0,0,1610,302,0,0,0,0,0,0,34,0,0,15974,1080,1276,150,0
 Nanded , Mukhed ,18.8736949,77.1873371,1580,1180,22183,0,0,0,0,0,0,0,0,2998,1612,2434,3477,0,0,0,0,400,115,0,0,0,0,0,0,0,0,60,14440,10,100,280,0
 Nanded , Deglur ,18.706939,77.3697672,2166,1555,9137,10454,0,0,0,0,0,0,0,2623,2119,9470,14717,0,0,25,21,910,587,0,45,0,0,0,0,98,0,35,13806,1157,1061,485,0
 Nandurbar , Akkalkuwa ,18.5458672,77.5762703,5891,599,6644,2840,200,331,0,0,0,0,0,7828,3758,129,441,0,0,0,0,41,0,0,0,0,0,41,0,45,0,41,1061,236,398,0,0
 Nandurbar , Akrani ,21.5546245,74.0159499,290,165,4562,412,310,3310,0,0,0,2101,997,690,692,125,512,572,70,0,0,5,35,0,40,0,0,0,0,27,0,10,100,1485,15,0,0
 Nandurbar , Taloda ,21.8262539,74.2171989,620,705,4195,2995,0,1480,0,0,0,1071,1073,532,3194,391,801,0,0,0,0,3012,235,3,25,0,0,559,0,35,0,0,2260,115,1522,0,0
 Nandurbar , Shahada ,21.5628085,74.2135303,509,4401,6570,6371,2718,6110,0,0,0,0,0,4546,4169,7195,2310,14,210,0,212,5565,1712,9,12,0,0,1722,0,275,0,0,31152,301,80,16,0
 Nandurbar , Nandurbar ,21.546185,74.470009,3305,5220,18001,1872,18840,7181,0,0,0,0,0,2841,4557,3001,3012,315,421,0,0,650,1605,10,0,0,0,2325,0,923,0,5,8450,276,77,19,0
 Nandurbar , Nawapur ,21.7468548,74.123996,19201,1125,6101,101,9890,1202,0,0,0,0,0,793,4608,1552,4216,0,205,0,0,1542,401,11,0,0,0,105,0,12,0,6,3173,2517,61,0,0
 Nashik , Surgana ,21.1616527,73.7946403,10058,209,48,478,0,0,0,0,0,47,0,91,626,0,1530,1415,0,0,5,6,20,0,121,21,0,0,0,16,9,67,0,0,0,0,0
 Nashik , Kalvan ,20.5604672,73.637432,4012,3411,1032,151,0,0,0,0,0,0,38,1201,210,181,825,2117,5,2,10,1964,1808,19,5,0,3,0,1,4198,6,429,0,0,240,0,305
 Nashik , Deola ,20.4890875,74.0270745,2,4165,95,75,0,0,0,0,0,0,0,558,147,211,26,1087,42,0,0,671,204,1,1,70,0,0,0,5784,9,118,0,1009,79,0,5
 Nashik , Baglan ,20.4604234,74.1828943,1766,2835,113,65,0,0,0,0,0,0,1488,1180,485,75,158,4188,63,0,0,3220,728,0,1,540,9,0,0,3594,60,461,0,2856,54,0,0
 Nashik , Malegaon ,19.7515,75.7139,33,2293,1290,1109,0,0,0,0,0,0,0,1054,310,197,71,4468,186,0,0,412,85,0,8,209,9,0,0,3556,14,40,0,0,0,0,0
 Nashik , Nandgaon ,20.5579034,74.5089457,0,832,372,447,0,0,0,0,0,0,0,210,340,107,20,5,5,10,12,115,0,7,6,12,7,0,0,7660,129,258,0,231,40,0,0
 Nashik , Chandvad ,19.7667,72.6922,210,725,1007,902,0,0,0,0,0,27,51,621,234,872,198,1992,95,0,51,20,475,44,14,1975,29,0,0,7430,73,1751,0,0,0,0,0
 Nashik , Dindori ,20.3271277,74.2472779,6269,6369,109,1968,0,0,0,0,0,568,118,4185,216,84,1396,345,0,17,30,6107,511,56,73,6598,103,0,5,610,2130,6409,0,4804,0,0,1110
 Nashik , Peth ,20.2017979,73.8307788,6670,381,0,0,0,0,0,0,0,0,0,33,514,0,1337,1021,0,0,0,71,9,0,10526,0,1971,0,0,0,16,13,0,0,0,0,0
 Nashik , Trumbak ,18.930258,73.925163,10785,138,0,0,0,0,0,0,0,0,165,133,918,0,3814,731,0,0,0,0,0,0,0,0,0,0,0,0,0,0,0,0,0,0,0
 Nashik , Nashik ,19.9374,73.5364,2885,3144,717,229,0,0,0,0,0,0,0,711,81,35,527,91,0,0,27,811,242,95,187,538,529,0,142,806,427,0,0,0,0,0,0
 Nashik , Igatputi ,19.9974533,73.7898023,19870,1268,0,3,0,0,0,0,0,0,8,2717,41,9,79,185,0,0,41,2241,72,5,2,86,0,0,78,200,189,633,0,1514,0,0,0
 Nashik , Sinnar ,19.6963259,73.5611065,3197,5612,330,341,0,0,0,0,0,46,40,1131,301,400,194,366,258,0,4,1319,238,273,43,950,46,0,355,5068,201,2005,0,1811,0,0,0
 Nashik , Niphad ,19.8479813,73.9889645,140,7510,110,132,0,0,0,0,0,0,0,1226,243,148,113,94,40,0,22,8270,227,44,28,15037,87,0,63,8051,226,3770,0,0,0,0,0
 Nashik , Yeola ,20.0771445,74.1094408,0,6980,90,2980,0,0,0,0,0,0,0,5980,990,3992,635,410,130,0,20,28,135,80,39,290,99,5,3,14950,30,390,0,980,3,0,1231
 Osmanabad , Paranda ,20.0432004,74.4839523,1125,2171,7458,29247,2701,925,17,0,0,57,0,5478,8075,1546,3474,0,259,1,115,2406,319,13,245,123,70,3,52,42,46,23,224,660,8355,4990,195
 Osmanabad , Bhoom ,18.2894279,75.4379986,2456,2478,11702,27800,2014,1232,22,0,0,0,0,8954,7790,1855,3805,0,256,1,54,1347,191,25,347,54,73,8,6,35,41,38,423,769,5434,1520,504
 Osmanabad , Washi ,18.4608782,75.6586295,1061,2026,9856,18348,3219,1362,13,0,0,0,0,6323,12112,1407,2346,35,360,2,124,2643,120,62,864,8,122,24,3,88,50,14,206,674,3741,2841,500
 Osmanabad , Kalamb ,18.7264765,73.0735368,1344,4270,13477,38919,3477,1067,76,0,0,25,11,7090,8575,3098,6171,0,178,3,62,3686,70,20,249,3,117,1,6,86,58,74,395,1447,8599,5185,731
 Osmanabad , Osmanabad ,18.5841902,76.0217831,2739,4891,14841,35010,2660,1661,134,0,0,36,31,7428,10456,4245,11478,25,437,4,242,4160,180,21,1155,75,235,35,22,187,184,106,342,1508,11365,4795,865
 Osmanabad , Tuljapur ,18.185332,76.0419642,2947,3960,8326,40515,1745,2173,18,0,0,46,33,5269,15672,2785,8409,310,805,1,31,5432,311,18,941,215,89,2,40,137,83,70,54,1449,12516,5010,930
 Osmanabad , Lohara ,18.0087239,76.0708812,1895,3845,9471,25362,1423,1042,14,0,0,0,0,7405,7889,2875,6873,0,170,2,46,1425,109,19,576,25,48,9,16,68,142,75,114,806,5005,1886,390
 Osmanabad , Umerga ,17.9885116,76.3260992,3140,2156,10786,36197,3271,1547,9,0,0,31,27,10462,11159,3479,9647,0,348,7,82,3515,494,16,659,32,25,13,31,137,57,21,138,1081,7784,6377,585
 Parbhani , Sailu ,17.8397675,76.6222433,100,3100,10500,26400,2000,400,0,0,0,0,0,5800,6300,9400,700,0,0,0,0,817,400,0,176,0,150,40,0,120,0,40,27900,8000,300,4700,0
 Parbhani , Jintur ,19.4532003,76.4389549,1500,5700,12200,17500,200,200,0,0,0,0,0,6200,12500,19500,4000,0,0,0,0,32,50,0,227,0,119,52,0,30,0,45,26400,5000,900,2800,0
 Parbhani , Parbhani ,19.6086799,76.6845832,600,15800,8600,37000,900,300,0,0,0,0,0,14300,13100,15000,1400,0,0,0,0,4017,210,0,377,0,51,80,0,170,0,265,37400,24300,2100,9900,0
 Parbhani , Manwath ,19.2608384,76.774776,100,5200,4500,18000,600,400,0,0,0,0,0,3600,10500,7400,500,0,0,0,0,1580,80,0,160,0,99,30,0,80,0,50,18500,2500,700,3000,0
 Parbhani , Pathri ,19.3060901,76.4967919,200,3400,2500,16200,600,200,0,0,0,0,0,3100,7000,6000,1000,0,0,0,0,3050,450,0,285,0,115,55,0,60,0,60,20200,4000,400,2300,0
 Parbhani , Sonpeth ,19.26324,76.4302771,200,3900,11100,12800,200,200,0,0,0,0,0,5000,7000,2200,300,0,0,0,0,1655,130,0,122,0,3,20,0,40,0,30,18000,8900,800,3000,0
 Parbhani , Gangakhed ,19.0266967,76.4592007,700,2800,4500,13800,200,200,0,0,0,0,0,6300,5500,2300,400,0,0,0,0,942,300,0,188,0,8,30,0,18,0,40,12600,6000,800,3000,0
 Parbhani , Palam ,18.9663544,76.7480805,800,3700,2000,12200,700,100,0,0,0,0,0,5000,5800,4000,2400,0,0,0,0,405,40,0,20,0,8,45,0,35,0,35,18000,6700,1500,4200,0
 Parbhani , Purna ,28.5900637,77.0887828,500,8100,9900,7800,400,300,0,0,0,0,0,9500,8000,4800,1000,0,0,0,0,4744,60,0,213,0,130,73,0,20,0,20,21500,14000,400,2000,0
 Pune , Junnar ,19.1790258,77.030539,6042,6719,530,35550,23511,1230,312,1010,5,108,0,10580,706,614,410,470,341,816,750,7817,410,129,1090,661,1570,842,1674,2710,591,2650,0,8311,121,1772,0
 Pune , Ambegaon ,19.2031842,73.87425,4460,3434,401,24901,15077,1303,188,1450,0,202,0,6959,375,893,379,344,83,281,426,3304,426,141,635,312,572,184,2327,3178,180,1749,0,6986,110,854,0
 Pune , Shirur ,19.1132337,73.7326775,1879,7459,284,89874,21930,1048,130,185,0,0,0,5749,267,385,57,341,512,334,170,3804,530,130,430,40,1237,195,450,2075,71,392,0,2826,661,1637,0
 Pune , Khed ,18.8249767,74.3775524,4157,5707,313,27363,19402,1500,108,2125,15,0,0,9950,626,710,408,195,195,552,549,174,614,110,852,85,883,45,2577,2142,507,1323,0,7332,385,1223,0
 Pune , Mawal ,17.7198045,73.3988688,9856,2004,134,3596,1028,514,91,1580,2,23,0,1948,95,625,148,24,42,40,331,588,25,0,423,0,112,0,0,93,0,18,0,2065,13,1458,0
 Pune , Mulshi ,19.7515,75.7139,7032,2515,250,15597,1240,524,87,576,0,0,0,929,89,550,35,18,34,55,27,542,19,0,255,0,360,0,0,54,0,39,0,1414,6,796,0
 Pune , Haveli ,18.5010536,73.5137654,3427,4062,144,23279,13052,1437,0,0,0,0,0,1712,320,402,132,16,36,172,292,8715,352,112,324,21,108,10,64,2492,371,478,14,2072,22,1005,0
 Pune , Pune City ,18.58644,73.736812,4,15,5,10,1,6,0,0,0,0,0,0,0,0,0,0,0,0,0,0,0,0,0,0,0,0,0,0,0,0,0,0,0,0,0
 Pune , Daund ,18.5204303,73.8567437,1142,6011,292,67957,2532,1442,0,0,0,0,0,3047,134,276,0,53,309,482,31,14661,303,99,382,115,563,89,0,1415,326,210,59,1592,441,1204,0
 Pune , Purandhar ,18.4631179,74.5840492,4895,7883,98,32090,17098,712,0,0,0,0,0,1475,54,789,281,280,262,316,1039,562,926,18,381,20,417,19,0,831,69,968,0,2023,292,2234,0
 Pune , Velhe ,18.2825268,73.973492,4280,618,90,2520,988,183,98,2210,0,405,0,845,127,513,5,6,49,25,25,42,22,0,424,0,21,0,0,337,1,17,0,732,2,663,0
 Pune , Bhor ,18.2962689,73.637432,5128,2868,144,14089,1546,1062,340,2872,0,372,0,1052,348,446,247,7,80,17,294,954,193,108,378,0,23,15,172,316,152,19,0,3330,11,782,0
 Pune , Baramati ,18.1458199,73.8429847,2896,8880,313,61478,4074,1920,0,0,0,0,0,7791,271,984,4,123,244,619,75,15530,151,75,865,334,863,316,20,3508,198,1065,104,3908,525,1509,0
 Pune , Indapur ,18.1791791,74.6077971,2524,6540,21,64304,2410,2006,0,0,0,0,0,2574,397,621,0,219,710,305,85,8935,230,89,773,25,1277,271,21,2478,219,440,25,2440,595,1467,0
 Raigarh , Uran ,18.1186943,75.0234074,2358,0,0,0,0,0,0,24,0,0,0,10,0,16,23,376,9,745,1,0,0,0,1065,0,0,0,0,0,54,21,0,0,0,0,0
 Raigarh , Panvel ,18.8772346,72.9283391,11441,0,0,0,0,0,166,61,0,0,0,22,10,8,6,222,8,520,0,0,36,0,960,0,0,4,0,0,42,40,0,0,0,0,0
 Raigarh , Karjat ,18.9894007,73.1175162,15322,0,0,0,0,0,181,417,0,0,0,148,43,87,57,256,2,212,0,0,92,0,579,0,0,0,0,0,45,25,0,45,0,0,0
 Raigarh , Khalapur ,18.9102069,73.3282612,8280,0,0,0,0,0,41,210,0,0,0,52,15,66,119,533,2,42,2,0,0,0,45,0,0,0,0,0,77,21,0,0,0,0,0
 Raigarh , Pen ,18.8305523,73.2846445,13170,0,0,0,0,0,80,406,0,0,0,72,48,12,51,260,11,649,0,0,8,0,922,0,0,5,0,9,4,18,0,0,0,0,0
 Raigarh , Alibag ,18.734888,73.096603,17305,0,0,0,0,0,10,0,0,0,0,61,97,11,12,163,28,755,0,0,17,0,870,0,0,7,0,0,13,51,0,0,0,0,0
 Raigarh , Murud ,18.6583989,72.8773346,3042,0,0,0,0,0,5,0,0,0,0,32,25,14,40,357,5,433,0,0,3,0,1225,0,0,0,0,0,6,45,0,32,0,0,0
 Raigarh , Roha ,18.331926,72.9608202,12815,0,0,0,0,0,555,1865,0,0,0,202,55,121,210,297,5,117,3,0,27,0,1241,0,0,9,0,0,46,32,0,47,0,0,0
 Raigarh , Sudhagad ,18.4389511,73.1167514,6998,0,0,0,0,0,275,351,0,0,0,42,92,68,114,123,16,158,1,0,13,0,1384,0,0,10,0,0,25,13,0,29,0,0,0
 Raigarh , Mangaon ,18.5372538,73.321445,14295,0,0,0,0,0,240,2250,0,0,0,352,127,58,146,670,2,141,2,0,0,0,24,0,0,0,0,7,68,34,0,38,0,0,0
 Raigarh , Tala ,18.2382428,73.281696,2861,0,0,0,0,0,331,275,0,0,0,51,42,144,105,101,10,75,1,0,10,0,39,0,0,3,0,0,28,21,0,5,0,0,0
 Raigarh , Shrivardhan ,18.439386,73.132011,3580,0,0,0,0,0,294,235,0,0,0,10,10,119,53,201,12,146,1,0,22,0,1796,0,0,12,0,11,25,39,0,22,0,0,0
 Raigarh , Mhasla ,18.0594018,73.0228173,2325,0,0,0,0,0,215,508,0,0,0,31,123,32,114,143,12,92,3,0,8,0,1560,0,0,26,0,0,6,9,0,0,0,0,0
 Raigarh , Mahad ,18.1346122,73.1098806,15021,0,0,0,0,0,421,1905,0,0,0,298,296,60,200,89,11,449,2,0,9,0,23,0,0,5,0,0,21,17,0,21,0,0,0
 Raigarh , Poladpur ,18.0820208,73.422441,4403,0,0,0,0,0,165,2500,0,0,0,10,33,81,153,120,29,71,2,0,43,0,1431,0,0,15,0,0,13,16,0,28,0,0,0
 Ratnagiri , Mandangad ,17.9842523,73.4645734,4650,0,0,0,0,5,625,970,0,0,0,0,60,15,105,135,0,0,375,0,0,0,5576,0,0,0,0,0,0,0,0,2,0,0,0
 Ratnagiri , Dapoli ,17.9876444,73.2632672,8740,0,0,0,0,12,950,2420,0,0,0,0,95,20,115,140,0,0,400,0,0,0,6346,0,0,1,0,0,0,0,0,0,0,0,267
 Ratnagiri , Khed ,17.767697,73.1910115,11200,0,0,0,0,11,740,1850,0,0,0,7,115,35,112,145,0,0,405,0,0,0,5771,0,0,2,0,0,0,0,0,75,0,0,273
 Ratnagiri , Chiplun ,17.7198045,73.3988688,11500,0,0,0,0,12,940,1880,0,0,0,0,100,40,150,145,0,0,405,0,0,0,6082,0,0,34,0,0,0,0,0,17,0,0,282
 Ratnagiri , Guhagar ,17.5319037,73.5151341,4650,0,0,0,0,9,785,2950,0,0,0,0,85,30,95,150,0,0,385,0,0,0,4944,0,0,1,0,0,0,0,0,120,0,0,233
 Ratnagiri , Ratnagiri ,17.4640665,73.1960032,8750,0,0,0,0,19,890,2050,0,0,0,0,55,15,100,170,0,0,380,0,0,0,16020,0,0,1,0,0,0,0,0,0,0,0,226
 Ratnagiri , Sangameshwar ,16.990215,73.3120233,12550,0,0,0,0,10,820,2350,0,0,0,0,110,35,110,155,0,0,390,0,0,0,6356,0,0,9,0,0,0,0,0,0,0,0,268
 Ratnagiri , Lanja ,17.1871271,73.552051,6540,0,0,0,0,14,510,940,0,0,0,0,45,25,90,165,0,0,350,0,0,0,5850,0,0,2,0,0,0,0,0,5,2,0,230
 Ratnagiri , Rajapur ,16.8559112,73.541744,8650,0,0,0,0,13,750,1910,0,0,0,0,65,20,115,150,0,0,380,0,0,0,8194,0,0,0,0,0,0,0,0,30,0,0,262
 Sangli , Shirala ,16.6571252,73.5211286,11441,1730,2585,1550,0,2638,135,980,430,55,0,1410,120,730,115,1020,2511,330,30,6510,191,0,79,0,0,0,0,140,0,265,0,3780,172,3,1352
 Sangli , Walwa ,16.9848313,74.1284003,4500,3818,10861,3204,20,1175,0,0,0,0,0,5993,191,170,439,1180,2413,410,20,24400,600,0,43,85,0,0,0,135,0,373,0,10243,178,125,15358
 Sangli , Palus ,17.027,74.3719,0,0,0,0,0,0,0,0,0,0,0,0,0,0,0,0,0,0,0,0,0,0,0,0,0,0,0,0,0,0,0,0,0,0,0
 Sangli , Kadegaon ,17.097643,74.4496317,0,0,0,0,0,0,0,0,0,0,0,0,0,0,0,0,0,0,0,0,0,0,0,0,0,0,0,0,0,0,0,0,0,0,0
 Sangli , Khanapur ,17.2963611,74.3315243,5,4557,42577,2670,7325,2240,0,0,0,0,0,4979,3624,1502,2784,1910,2965,911,30,4900,492,0,54,2780,0,0,0,333,0,333,230,10529,711,153,6390
 Sangli , Atpadi ,17.2613,74.7189,5,3021,880,27247,1624,824,0,0,0,0,0,1575,1086,122,320,730,2720,55,0,840,135,0,30,79,0,0,0,71,0,19,360,445,16,43,10
 Sangli , Tasgaon ,17.4287331,74.9383153,1624,5347,36765,4064,1412,2491,0,0,10,0,0,6921,1636,405,1383,1210,2880,165,15,2250,432,0,78,2965,0,0,0,213,0,161,49,1610,380,72,13093
 Sangli , Miraj ,17.0295253,74.6078344,96,3810,15318,14560,8260,1668,0,0,0,0,0,5308,1192,1408,390,1020,2432,256,10,13800,576,0,63,910,0,0,0,151,0,584,231,4422,572,61,23235
 Sangli , Kavathemahankal ,16.8222363,74.6508894,0,2673,3200,19560,9100,402,0,0,0,0,0,2165,1000,100,400,320,2726,140,0,1010,163,0,39,215,0,0,0,130,0,8,259,840,104,540,593
 Sangli , Jat ,17.0089686,74.8653331,15,3927,119,86689,14805,5616,0,0,0,65,0,2485,847,1432,490,2802,2821,630,40,1560,181,0,59,1230,0,0,0,312,0,317,1929,3390,6612,5213,77
 Satara , Mahabaleshwar ,17.0544607,75.2122675,695,290,40,150,0,0,105,410,105,0,0,22,0,0,0,0,0,0,0,0,5,1,195,0,1,1,784,624,18,161,0,0,0,0,0
 Satara , Wai ,17.9307285,73.6477342,3736,2426,4454,12635,1613,289,55,444,30,66,0,1685,328,97,272,191,39,39,252,1952,231,12,827,0,41,11,597,954,195,177,157,5662,226,259,1084
 Satara , Khandala ,17.9486853,73.8918867,820,2148,235,11887,11499,180,45,0,22,51,0,1225,140,310,300,105,180,82,379,548,102,5,531,45,38,23,154,1122,26,99,659,2265,161,328,49
 Satara , Phaltan ,18.7583142,73.3757026,9,4404,642,24151,8202,211,0,0,0,165,0,490,413,320,492,493,975,50,211,4637,116,14,998,134,53,43,367,854,85,138,882,412,390,847,918
 Satara , Man ,17.9934982,74.4304276,27,1893,586,12919,19211,42,0,0,0,171,0,1983,492,638,417,86,4636,43,450,2291,61,22,1090,31,56,2,187,1108,31,255,456,243,221,213,315
 Satara , Khatav ,17.56252,74.42919,305,4315,6837,10592,33700,38,0,0,0,82,0,3091,907,670,1214,62,3017,54,674,3540,19,3,802,48,53,32,600,1481,29,281,962,2089,412,892,1021
 Satara , Koregaon ,17.6654636,74.3616798,308,2944,12885,14579,5108,1238,0,0,65,32,0,4792,771,1306,692,240,525,74,645,4348,89,6,625,123,31,40,852,716,121,353,43,2162,372,693,3478
 Satara , Satara ,17.6966354,74.1607179,6770,3819,15607,16850,70,321,35,690,20,119,0,2191,1394,1225,810,0,68,12,1191,4689,77,19,1345,226,108,97,826,2038,108,600,12,16701,165,371,1517
 Satara , Jaoli ,17.6804639,74.018261,8629,1978,6574,9411,0,25,230,2522,40,72,0,907,475,4,16,0,15,42,478,1246,12,7,412,2,45,13,688,919,30,270,38,3369,157,574,221
 Satara , Patan ,17.9,76.4,14823,5450,9850,12113,6543,400,128,4848,27,70,0,2930,1150,64,760,180,27,214,425,4909,78,12,1241,0,24,5,105,606,42,244,221,17343,306,94,1199
 Satara , Karad ,17.372704,73.9027254,9295,5637,9406,7705,3957,738,9,0,1,83,0,2690,605,646,501,38,47,15,748,15534,112,8,953,0,30,10,222,1010,110,129,184,10974,280,119,5806
 Sindhudurg , Devgad ,17.277693,74.1843535,6477,0,0,0,0,0,76,222,0,0,0,0,4,119,165,805,0,90,215,0,16,0,5106,0,0,1,0,0,1,0,0,338,0,0,0
 Sindhudurg , Vaibhavvadi ,16.3754203,73.3885526,5189,0,0,0,0,29,0,501,0,0,0,0,0,25,4,301,0,160,96,2,0,0,430,0,0,0,0,0,6,0,0,331,0,0,0
 Sindhudurg , Kankavli ,16.4967591,73.7463147,15224,0,0,0,0,14,8,265,0,0,0,0,0,44,34,739,0,65,472,6,5,0,4252,0,0,5,0,2,15,0,0,752,0,0,0
 Sindhudurg , Malwan ,16.2655069,73.7082889,9950,0,0,0,0,20,12,270,0,0,0,0,0,120,65,671,0,81,131,0,23,0,920,0,0,12,0,0,12,0,0,565,0,0,0
 Sindhudurg , Vengurla ,16.0630693,73.471054,5061,0,0,0,0,0,0,194,0,0,0,0,0,82,95,374,0,142,361,0,110,0,2351,0,0,0,0,0,23,0,0,1047,0,0,0
 Sindhudurg , Kudal ,15.8514136,73.6389038,18142,0,0,0,0,5,74,145,0,0,0,0,0,55,112,502,0,89,327,0,78,0,3029,0,0,26,0,5,13,0,0,1041,0,0,0
 Sindhudurg , Sawantwadi ,15.9930494,73.6844721,13448,0,0,0,0,40,2,368,0,0,0,0,0,15,26,582,0,122,412,3,52,0,938,0,0,14,0,2,17,0,0,554,0,0,0
 Sindhudurg , Dodamarg ,15.9052627,73.8213213,5375,0,0,0,0,0,28,757,0,0,0,0,0,9,81,525,0,45,285,0,27,0,179,0,0,20,0,0,19,0,0,166,0,0,0
 Solapur , Karmala ,15.6843116,73.9668408,0,2925,144,84923,3299,3996,0,0,0,0,0,2471,916,303,227,952,975,1,0,4611,283,58,685,114,184,15,3,931,204,54,224,1044,3536,2694,0
 Solapur , Madha ,18.4044833,75.1953934,0,7002,0,79089,2205,2073,0,0,0,0,0,3370,1250,71,140,478,1159,26,0,4395,482,20,358,144,174,38,15,950,292,229,795,648,2507,1080,0
 Solapur , Barshi ,18.0333,75.5189,151,4619,467,84162,1280,2393,0,0,0,0,0,4842,1819,1015,645,625,518,12,0,7858,315,26,511,208,137,46,0,690,179,206,41,838,4684,1297,0
 Solapur , Solapur north ,18.2333856,75.6941478,38,2978,114,36150,998,1625,0,0,0,0,0,1468,609,78,248,298,994,1,0,2780,202,6,325,177,77,121,19,330,67,86,46,501,948,632,0
 Solapur , Mohol ,17.6956768,75.5276699,5,5056,0,66144,734,2745,0,0,0,0,0,2725,1209,0,226,748,224,4,0,4871,139,0,299,176,36,54,8,499,92,87,194,422,2043,1357,0
 Solapur , Pandharpur ,17.8091987,75.6382422,0,7536,94,65356,1248,3907,0,0,0,0,0,4125,1879,0,199,540,568,18,0,8251,416,15,301,587,113,105,0,439,75,62,708,274,2806,1423,0
 Solapur , Malshiras ,17.6805816,75.3155035,0,6170,75,52643,4274,2070,0,0,0,0,0,3588,1103,0,314,369,1085,2,0,9965,113,0,379,96,23,162,12,997,273,123,128,706,3834,1164,0
 Solapur , Sangole ,17.8632547,74.9054785,0,1854,20,35692,4745,3168,0,0,0,0,0,2356,1375,70,245,356,945,9,0,3679,157,79,149,50,39,37,11,94,184,105,1315,583,3203,920,0
 Solapur , Mangalvedhe ,17.4340512,75.1953934,0,2432,0,36624,4418,2357,0,0,0,0,0,1860,907,78,387,482,411,6,0,6155,110,6,315,83,20,22,6,446,267,40,750,296,3784,2796,0
 Solapur , Solapur south ,17.5109871,75.4519516,22,5692,52,67685,785,1266,0,0,0,0,0,2485,641,62,80,729,792,24,0,3592,278,1,436,115,113,62,17,450,157,171,38,197,3626,889,0
 Solapur , Akkalkot ,17.6956768,75.5276699,259,2136,151,63637,1128,1519,0,0,0,0,0,2618,1601,349,183,514,561,5,0,9547,472,5,142,4,6,43,9,180,105,57,153,365,3697,1454,0
 Thane , Talasari ,17.5242162,76.2054416,9014,7,0,0,0,15,0,0,0,0,0,150,58,143,235,151,0,206,350,0,5,0,10,0,0,10,0,0,0,0,0,24,0,0,0
 Thane , Dahanu ,20.1238013,72.9168632,15134,19,0,0,0,18,780,546,0,0,0,250,90,137,494,377,0,303,384,0,85,0,38,0,0,38,0,0,0,0,0,54,0,0,0
 Thane , Vikramgad ,19.9902668,72.7396586,8642,5,0,0,0,7,415,2970,0,0,0,122,302,166,453,352,0,118,142,0,0,0,44,0,0,44,0,0,0,0,0,92,0,0,0
 Thane , Jawhar ,19.7972614,73.0955645,11343,8,0,0,0,0,2400,4725,0,0,0,314,1038,378,1654,442,0,129,222,0,0,0,24,0,0,24,0,0,0,0,0,60,0,0,0
 Thane , Mokhada ,19.9050038,73.2312946,8467,2,0,0,0,2,2245,3981,0,0,0,456,660,85,881,363,0,115,155,0,15,0,12,0,0,12,0,0,0,0,0,53,0,0,0
 Thane , Vada ,19.9364602,73.3403504,13485,20,0,0,0,3,205,50,0,0,0,650,173,71,265,252,0,208,344,0,38,0,98,0,0,98,0,0,0,0,0,12,0,0,0
 Thane , Palghar ,18.396,73.8674,13705,17,0,0,0,12,29,1508,0,0,0,418,52,0,92,251,0,275,235,0,74,0,75,0,0,75,0,0,0,0,0,2,0,0,0
 Thane , Vasai ,19.6967136,72.769885,12354,5,0,0,0,4,0,0,0,0,0,310,12,63,32,182,0,762,101,15,32,0,140,0,0,140,0,0,0,0,0,5,0,0,0
 Thane , Thane ,19.3919275,72.8397317,905,0,0,0,0,4,0,0,0,0,0,0,0,0,0,45,0,130,211,0,0,0,0,0,0,0,0,0,0,0,0,25,0,0,0
 Thane , Bhiwandi ,19.2183307,72.9780897,13970,2,0,0,0,7,69,0,0,0,0,105,0,143,63,301,0,100,202,0,7,0,0,0,0,0,0,0,0,0,0,0,0,0,0
 Thane , Shahapur ,19.2812547,73.0482912,11709,28,0,0,0,10,934,2205,0,0,0,525,115,124,578,326,0,112,132,9,62,0,80,0,0,80,0,0,0,0,0,24,0,0,0
 Thane , Kalyan ,19.4520777,73.3279586,1590,1,0,0,0,6,5,11,0,0,0,2,25,25,0,18,0,35,9,0,0,0,0,0,0,0,0,0,0,0,0,0,0,0,0
 Thane , Ulhasnagar ,19.2403305,73.1305395,2363,0,0,0,0,10,0,0,0,0,0,0,0,0,0,0,0,0,0,0,0,0,0,0,0,0,0,0,0,0,0,0,0,0,0
 Thane , Ambarnath ,19.2215115,73.1644628,2952,0,0,0,0,0,0,0,0,0,0,86,50,70,0,42,0,97,75,0,0,0,57,0,0,57,0,0,0,0,0,0,0,0,0
 Thane , Murbad ,19.1825167,73.1926023,14782,3,0,0,0,10,427,25,0,0,0,132,110,58,578,120,0,115,225,0,80,0,0,0,0,0,0,0,0,0,0,38,0,0,0
 Wardha , Ashti ,19.2611645,73.3888748,15,1641,3205,56,2,0,0,0,0,0,0,3688,5964,98,57,1,21,96,3,428,169,0,121,3,2055,18,2,62,72,87,11185,464,0,0,11588
 Wardha , Karanja ,18.8043913,75.1680394,105,2831,4518,32,1,5,0,0,0,0,0,2653,3380,419,287,0,123,73,2,230,80,0,218,2,1662,72,0,6,33,54,13707,499,0,0,25150
 Wardha , Arvi ,20.4827357,77.4816693,86,1330,4658,62,0,0,0,0,0,0,0,2421,6079,140,84,0,4,70,2,395,90,0,254,4,1585,33,0,13,18,66,15833,164,0,0,17745
 Wardha , Seloo ,20.9955,78.2363,35,2985,5525,71,0,0,0,0,0,0,0,3851,8955,53,36,0,9,135,1,708,174,0,116,8,656,93,0,35,130,151,18440,150,0,0,10126
 Wardha , Wardha ,20.8365072,78.7093556,24,2975,5975,36,0,0,0,0,0,0,0,4890,10144,62,120,38,366,115,4,322,190,0,329,28,1740,171,0,10,40,113,17128,503,0,0,24640
 Wardha , Deoli ,20.745319,78.6021946,85,2090,4349,144,8,0,0,0,0,0,0,2713,7811,109,47,0,64,130,2,641,48,0,94,10,1003,37,0,12,13,69,22437,146,0,0,23496
 Wardha , Hinganghat ,20.652302,78.480751,59,2595,3419,85,5,1,0,0,0,0,0,1912,5647,80,141,0,62,51,3,115,86,0,85,7,1414,26,0,5,12,17,22440,211,0,0,19989
 Wardha , Samudrapur ,20.5516683,78.8418289,118,3405,2874,218,0,1,0,0,0,0,0,3103,6258,23,9,14,56,119,5,156,127,0,47,3,540,42,0,79,194,42,15012,64,0,0,27093
 Washim , Malegaon ,20.6384618,78.9613486,198,2803,8475,285,464,0,0,0,0,0,19,5254,8400,12090,13633,0,38,65,0,62,33,0,183,4,1353,0,0,0,0,0,0,0,68,0,0
 Washim , Malegaon ,20.5579034,74.5089457,0,2188,5215,0,0,0,0,0,0,0,0,395,2813,5530,2813,0,0,0,0,23,7,0,0,0,85,0,0,0,0,0,2128,0,37,0,0
 Washim , Mangrulpir ,20.5579034,74.5089457,109,2964,10551,85,282,0,0,0,0,0,10,7409,4803,8368,9430,0,44,54,4,65,78,0,175,2,597,0,0,0,0,0,0,0,34,300,0
 Washim , Mangrulpir ,20.3148721,77.3419417,72,173,9862,0,230,13,0,0,0,0,1,537,6420,5652,6703,0,0,0,1,101,52,0,0,0,80,0,0,0,0,0,6841,8,67,281,0
 Washim , Karanja ,20.3148721,77.3419417,19,2021,12430,105,249,0,0,0,0,0,33,2417,7215,7010,4965,0,83,20,0,191,70,0,44,0,1119,0,0,0,0,0,27,0,0,0,0
 Washim , Karanja ,20.4827357,77.4816693,60,429,11268,0,2,0,0,0,0,0,0,37,3532,16110,3532,0,0,0,0,34,47,0,0,0,543,0,0,0,0,0,0,0,0,0,0
 Washim , Manora ,20.4827357,77.4816693,122,1816,14339,129,442,0,0,0,0,0,1,5714,4251,5515,7640,0,67,183,2,210,23,10,159,0,800,0,0,0,0,0,15,0,39,0,0
 Washim , Manora ,20.216112,77.559074,0,43,13980,0,1002,0,0,0,0,0,7,19,4291,3811,2834,0,0,224,12,63,381,0,25,0,614,0,0,0,0,0,18761,0,0,203,0
 Washim , Washim ,20.216112,77.559074,241,3345,6815,145,614,0,0,0,0,0,12,4456,9088,8415,10485,0,92,159,10,221,24,1,351,4,1227,0,0,0,0,0,50,0,40,0,0
 Washim , Washim ,20.1119123,77.1312586,539,1919,8379,4,65,7,0,0,0,0,2,4315,3802,4533,6045,0,0,7,12,9,22,0,10,0,209,0,0,0,0,0,7,101,15,0,0
 Washim , Risod ,20.1119123,77.1312586,421,3365,10104,122,317,0,0,0,0,0,8,4530,4918,14212,12452,0,56,125,0,371,45,0,278,0,947,0,0,0,0,0,0,0,32,0,0
 Washim , Risod ,19.9778398,76.782702,0,0,0,0,0,0,0,0,0,0,0,243,5342,310,268,0,0,0,0,5,40,0,9,0,80,0,0,0,0,0,4,0,0,0,0
 Yavatmal , Ner ,19.9778398,76.782702,307,870,6836,0,630,0,0,0,0,0,0,1640,6539,2725,930,0,5,3,0,258,84,1,234,0,481,6,0,45,48,0,25538,224,18,35,2785
 Yavatmal , Ner ,20.491026,77.866386,5,482,3784,0,7,0,0,0,0,0,0,204,3619,686,586,0,0,0,0,44,13,0,1,0,322,2,0,8,10,7,12084,47,6,1,14326
 Yavatmal , Babulgaon ,20.491026,77.866386,127,1026,7460,6,168,0,0,0,0,0,0,674,11229,3118,1946,0,24,0,0,450,25,1,119,0,300,33,0,12,89,8,22139,314,8,0,5515
 Yavatmal , Babulgaon ,20.5561449,78.1664189,0,922,6910,0,0,6,0,0,0,0,0,344,4690,115,19,0,0,2,0,20,22,2,5,0,100,17,0,17,18,10,16850,12,0,0,14290
 Yavatmal , Kalamb ,20.5561449,78.1664189,276,928,8826,4,203,0,0,0,0,0,0,1315,5147,4498,1612,0,2,1,0,532,155,0,162,0,771,26,0,52,36,9,26811,229,27,0,8504
 Yavatmal , Kalamb ,18.5841902,76.0217831,21,551,5194,0,12,0,0,0,0,0,0,205,3833,83,203,0,0,7,0,36,39,9,0,0,299,13,0,13,32,31,18484,26,0,0,12268
 Yavatmal , Yavatmal ,18.5841902,76.0217831,415,1808,9421,8,536,0,0,0,0,0,0,1454,7632,4578,2899,0,42,1,0,849,202,0,466,0,1327,45,0,69,197,4,31814,1106,53,2,9990
 Yavatmal , Yavatmal ,20.3899385,78.1306846,38,2016,7628,0,342,38,0,0,0,0,0,936,6240,817,1257,0,56,18,188,308,420,15,21,0,493,237,0,37,45,39,21503,407,25,21,10347
 Yavatmal , Darwha ,20.3899385,78.1306846,154,977,10121,0,344,0,0,0,0,0,0,630,10868,4258,1732,0,33,0,0,168,15,3,136,0,1365,3,0,94,49,4,25510,654,23,0,3039
 Yavatmal , Darwha ,20.31042,77.7738163,13,921,11234,0,238,0,0,0,0,0,0,168,2398,194,158,0,0,0,0,868,94,3,4,0,56,0,2,26,32,28,26771,82,64,0,11728
 Yavatmal , Digras ,20.31042,77.7738163,178,1132,8977,0,701,0,0,0,0,0,0,387,3692,2379,1243,0,20,5,5,251,46,15,244,0,1153,114,0,53,24,5,13103,201,43,0,3187
 Yavatmal , Digras ,20.1068912,77.7125184,0,660,8770,0,260,0,0,0,0,0,0,140,2770,60,490,0,0,0,0,48,32,4,0,0,247,14,0,28,20,18,15837,298,40,0,4268
 Yavatmal , Pusad ,20.1068912,77.7125184,211,1415,11288,0,887,0,0,0,0,0,0,983,10005,3400,2241,7,5,2,0,344,221,57,121,0,715,54,2,139,103,9,25639,698,245,70,5362
 Yavatmal , Pusad ,19.9104257,77.568649,125,2596,8578,0,65,0,0,0,0,0,0,116,3312,1036,4141,0,30,16,12,711,66,9,55,0,138,40,3,19,56,57,33787,666,65,28,11214
 Yavatmal , Umarkhed ,19.9104257,77.568649,226,920,9314,0,4,0,0,0,0,0,0,1590,6745,2620,1538,0,9,0,0,202,99,8,92,0,488,70,2,95,38,3,17001,213,14,87,7365
 Yavatmal , Umarkhed ,19.5975885,77.6916128,330,1543,7916,0,0,0,0,0,0,0,0,2570,2667,622,635,0,0,0,0,3365,25,7,18,0,133,132,0,7,6,8,19320,126,0,0,16390
 Yavatmal , Mahagaon ,19.5975885,77.6916128,101,1708,12206,0,622,0,0,0,0,0,0,1306,6148,4041,2157,0,8,0,0,232,137,0,114,0,488,95,0,60,55,4,27287,548,122,0,3446
 Yavatmal , Mahagaon ,20.7276984,80.0590804,120,1420,6950,0,45,0,0,0,0,0,0,890,5310,2809,1290,0,0,0,0,661,210,39,0,0,50,11,0,49,85,97,22950,119,7,6,13119
 Yavatmal , Arni ,20.7276984,80.0590804,256,942,7615,0,497,0,0,0,0,0,0,1258,6490,3721,2571,0,24,2,0,792,19,7,310,0,963,27,0,74,45,4,17817,466,0,0,4691
 Yavatmal , Arni ,19.99615,77.92975,35,970,9193,0,204,0,0,0,0,0,0,775,3378,559,463,0,0,0,0,114,75,16,29,0,58,17,0,5,27,27,27354,340,0,9,10340
 Yavatmal , Ghatanji ,19.99615,77.92975,337,1164,11848,1,70,0,0,0,0,0,0,903,9410,3740,1707,0,29,2,0,657,165,0,142,0,405,14,0,15,36,20,33605,620,0,0,6145
 Yavatmal , Ghatanji ,20.1436894,78.311672,46,382,7133,0,20,0,0,0,0,0,0,48,2278,38,35,0,0,0,0,0,41,0,0,0,48,2,0,5,21,29,37633,0,0,0,7700
 Yavatmal , Kelapur ,20.1436894,78.311672,194,910,8446,5,75,0,0,0,0,0,0,1078,8241,2565,945,0,27,0,0,458,276,0,176,0,685,52,0,38,14,6,28947,213,0,0,2603
 Yavatmal , Kelapur ,19.9999499,78.5334307,0,924,8312,0,10,0,0,0,0,0,0,185,3427,10,10,0,0,0,0,8,68,0,2,0,23,2,0,4,10,10,25771,48,0,0,8660
 Yavatmal , Ralegaon ,19.9999499,78.5334307,105,616,7847,3,91,0,0,0,0,0,0,372,10394,3482,887,41,19,0,0,315,220,0,217,0,1422,18,0,48,59,7,31256,170,0,0,3195
 Yavatmal , Ralegaon ,20.4187724,78.5206001,0,576,6942,0,38,8,0,0,0,0,0,466,3554,1682,21,0,10,0,0,0,90,0,9,0,276,0,0,34,30,21,26133,165,0,5,8641
 Yavatmal , Maregaon ,20.4187724,78.5206001,155,649,3678,1,126,0,0,0,0,0,0,1047,7337,2639,1012,0,11,1,0,772,79,0,155,0,497,36,0,16,29,15,20870,557,19,0,4719
 Yavatmal , Maregaon ,20.105567,78.8056989,47,825,4615,0,0,0,0,0,0,0,0,122,4069,8,0,0,0,0,0,0,97,3,2,0,30,0,0,15,66,53,23853,1,0,0,5350
 Yavatmal , Zari-jamani ,20.105567,78.8056989,370,1475,6227,0,223,0,0,0,0,0,0,970,3686,2304,845,36,35,0,0,400,445,0,258,0,260,117,0,80,138,0,26015,566,0,0,4757
 Yavatmal , Zari-jamani ,19.807597,78.849698,40,510,3520,0,0,0,0,0,0,0,0,233,4021,11,37,0,0,0,0,0,198,0,0,0,5,0,0,12,40,36,22995,196,0,0,7498
 Yavatmal , Wani ,19.807597,78.849698,302,1065,9986,56,198,0,0,0,0,0,0,1185,13729,1512,2114,17,15,1,7,360,243,2,178,0,283,9,5,23,47,0,29975,911,8,0,5419
 Yavatmal , Wani ,20.067541,78.958054,0,726,2596,0,0,0,0,0,0,0,0,70,5010,0,0,0,0,0,0,0,21,0,0,0,8,0,0,4,17,7,35411,0,0,0,10282
